-- Created by Kaduseon's XML to SQL+XML Translator-Splitter on 8/07/2015 8:46:31 PM
--==================================================
-- Units
--==================================================
INSERT INTO Units (Type,                        Class,                PrereqTech, Cost, Combat, Moves, CombatClass,          Domain,        DefaultUnitAI,        Description,                Civilopedia,                                   Strategy,                            Help,                            MilitarySupport, MilitaryProduction, Pillage, AdvancedStartCost, XPValueAttack, XPValueDefense, UnitArtInfo,                       MoveRate,    UnitFlagIconOffset, UnitFlagAtlas,            PortraitIndex, IconAtlas           )
           VALUES ('UNIT_TEXASOUTLAWCLASSICAL', 'UNITCLASS_HORSEMAN', 'NULL',     '-1', '9',    '3',   'UNITCOMBAT_MOUNTED', 'DOMAIN_LAND', 'UNITAI_FAST_ATTACK', 'TXT_KEY_UNIT_TEXASOUTLAW', 'TXT_KEY_CIVILOPEDIA_UNITS_TEXASRANGERS_TEXT', 'TXT_KEY_UNIT_TEXASRANGER_STRATEGY', 'TXT_KEY_UNIT_HELP_TEXASRANGER', '1',             '1',                '1',     '30',              '3',           '3',            'ART_DEF_UNIT_TEXAS_OUTLAW_EARLY', 'QUADRUPED', '0',                'CIV_OUTLAW_ATLAS_TEXAS', '0',           'TEXAS_OUTLAW_ATLAS');

INSERT INTO Units (Type,                       Class,                PrereqTech, Cost, Combat, Moves, CombatClass,          Domain,        DefaultUnitAI,        Description,                Civilopedia,                                   Strategy,                            Help,                            MilitarySupport, MilitaryProduction, Pillage, AdvancedStartCost, XPValueAttack, XPValueDefense, UnitArtInfo,                       MoveRate,    UnitFlagIconOffset, UnitFlagAtlas,            PortraitIndex, IconAtlas           )
           VALUES ('UNIT_TEXASOUTLAWMEDIEVAL', 'UNITCLASS_HORSEMAN', 'NULL',     '-1', '18',   '3',   'UNITCOMBAT_MOUNTED', 'DOMAIN_LAND', 'UNITAI_FAST_ATTACK', 'TXT_KEY_UNIT_TEXASOUTLAW', 'TXT_KEY_CIVILOPEDIA_UNITS_TEXASRANGERS_TEXT', 'TXT_KEY_UNIT_TEXASRANGER_STRATEGY', 'TXT_KEY_UNIT_HELP_TEXASRANGER', '1',             '1',                '1',     '30',              '3',           '3',            'ART_DEF_UNIT_TEXAS_OUTLAW_EARLY', 'QUADRUPED', '0',                'CIV_OUTLAW_ATLAS_TEXAS', '0',           'TEXAS_OUTLAW_ATLAS');

INSERT INTO Units (Type,                          Class,                PrereqTech, Cost, Combat, Moves, CombatClass,          Domain,        DefaultUnitAI,        Description,                Civilopedia,                                   Strategy,                            Help,                            MilitarySupport, MilitaryProduction, Pillage, AdvancedStartCost, XPValueAttack, XPValueDefense, UnitArtInfo,                       MoveRate,    UnitFlagIconOffset, UnitFlagAtlas,            PortraitIndex, IconAtlas           )
           VALUES ('UNIT_TEXASOUTLAWRENAISSANCE', 'UNITCLASS_HORSEMAN', 'NULL',     '-1', '24',   '4',   'UNITCOMBAT_MOUNTED', 'DOMAIN_LAND', 'UNITAI_FAST_ATTACK', 'TXT_KEY_UNIT_TEXASOUTLAW', 'TXT_KEY_CIVILOPEDIA_UNITS_TEXASRANGERS_TEXT', 'TXT_KEY_UNIT_TEXASRANGER_STRATEGY', 'TXT_KEY_UNIT_HELP_TEXASRANGER', '1',             '1',                '1',     '30',              '3',           '3',            'ART_DEF_UNIT_TEXAS_OUTLAW_EARLY', 'QUADRUPED', '0',                'CIV_OUTLAW_ATLAS_TEXAS', '0',           'TEXAS_OUTLAW_ATLAS');

INSERT INTO Units (Type,                         Class,                PrereqTech, Cost, Combat, Moves, CombatClass,          Domain,        DefaultUnitAI,        Description,                Civilopedia,                                   Strategy,                            Help,                            MilitarySupport, MilitaryProduction, Pillage, AdvancedStartCost, XPValueAttack, XPValueDefense, UnitArtInfo,                      MoveRate,    UnitFlagIconOffset, UnitFlagAtlas,            PortraitIndex, IconAtlas           )
           VALUES ('UNIT_TEXASOUTLAWINDUSTRIAL', 'UNITCLASS_HORSEMAN', 'NULL',     '-1', '32',   '4',   'UNITCOMBAT_MOUNTED', 'DOMAIN_LAND', 'UNITAI_FAST_ATTACK', 'TXT_KEY_UNIT_TEXASOUTLAW', 'TXT_KEY_CIVILOPEDIA_UNITS_TEXASRANGERS_TEXT', 'TXT_KEY_UNIT_TEXASRANGER_STRATEGY', 'TXT_KEY_UNIT_HELP_TEXASRANGER', '1',             '1',                '1',     '30',              '3',           '3',            'ART_DEF_UNIT_TEXAS_OUTLAW_LATE', 'QUADRUPED', '0',                'CIV_OUTLAW_ATLAS_TEXAS', '0',           'TEXAS_OUTLAW_ATLAS');

INSERT INTO Units (Type,                     Class,                PrereqTech, Cost, Combat, Moves, CombatClass,          Domain,        DefaultUnitAI,        Description,                Civilopedia,                                   Strategy,                            Help,                            MilitarySupport, MilitaryProduction, Pillage, AdvancedStartCost, XPValueAttack, XPValueDefense, UnitArtInfo,                      MoveRate,    UnitFlagIconOffset, UnitFlagAtlas,            PortraitIndex, IconAtlas           )
           VALUES ('UNIT_TEXASOUTLAWMODERN', 'UNITCLASS_HORSEMAN', 'NULL',     '-1', '40',   '5',   'UNITCOMBAT_MOUNTED', 'DOMAIN_LAND', 'UNITAI_FAST_ATTACK', 'TXT_KEY_UNIT_TEXASOUTLAW', 'TXT_KEY_CIVILOPEDIA_UNITS_TEXASRANGERS_TEXT', 'TXT_KEY_UNIT_TEXASRANGER_STRATEGY', 'TXT_KEY_UNIT_HELP_TEXASRANGER', '1',             '1',                '1',     '30',              '3',           '3',            'ART_DEF_UNIT_TEXAS_OUTLAW_LATE', 'QUADRUPED', '0',                'CIV_OUTLAW_ATLAS_TEXAS', '0',           'TEXAS_OUTLAW_ATLAS');

INSERT INTO Units (Type,                         Class,                PrereqTech, Cost, Combat, Moves, CombatClass,          Domain,        DefaultUnitAI,        Description,                Civilopedia,                                   Strategy,                            Help,                            MilitarySupport, MilitaryProduction, Pillage, AdvancedStartCost, XPValueAttack, XPValueDefense, UnitArtInfo,                      MoveRate,    UnitFlagIconOffset, UnitFlagAtlas,            PortraitIndex, IconAtlas           )
           VALUES ('UNIT_TEXASOUTLAWPOSTMODERN', 'UNITCLASS_HORSEMAN', 'NULL',     '-1', '60',   '5',   'UNITCOMBAT_MOUNTED', 'DOMAIN_LAND', 'UNITAI_FAST_ATTACK', 'TXT_KEY_UNIT_TEXASOUTLAW', 'TXT_KEY_CIVILOPEDIA_UNITS_TEXASRANGERS_TEXT', 'TXT_KEY_UNIT_TEXASRANGER_STRATEGY', 'TXT_KEY_UNIT_HELP_TEXASRANGER', '1',             '1',                '1',     '30',              '3',           '3',            'ART_DEF_UNIT_TEXAS_OUTLAW_LATE', 'QUADRUPED', '0',                'CIV_OUTLAW_ATLAS_TEXAS', '0',           'TEXAS_OUTLAW_ATLAS');

INSERT INTO Units (Type,                     Class,                PrereqTech, Cost, Combat, Moves, CombatClass,          Domain,        DefaultUnitAI,        Description,                Civilopedia,                                   Strategy,                            Help,                            MilitarySupport, MilitaryProduction, Pillage, AdvancedStartCost, XPValueAttack, XPValueDefense, UnitArtInfo,                      MoveRate,    UnitFlagIconOffset, UnitFlagAtlas,            PortraitIndex, IconAtlas           )
           VALUES ('UNIT_TEXASOUTLAWFUTURE', 'UNITCLASS_HORSEMAN', 'NULL',     '-1', '75',   '5',   'UNITCOMBAT_MOUNTED', 'DOMAIN_LAND', 'UNITAI_FAST_ATTACK', 'TXT_KEY_UNIT_TEXASOUTLAW', 'TXT_KEY_CIVILOPEDIA_UNITS_TEXASRANGERS_TEXT', 'TXT_KEY_UNIT_TEXASRANGER_STRATEGY', 'TXT_KEY_UNIT_HELP_TEXASRANGER', '1',             '1',                '1',     '30',              '3',           '3',            'ART_DEF_UNIT_TEXAS_OUTLAW_LATE', 'QUADRUPED', '0',                'CIV_OUTLAW_ATLAS_TEXAS', '0',           'TEXAS_OUTLAW_ATLAS');

-- 7 total SQL entries for Units

--==================================================
-- ArtDefine_UnitInfos
--==================================================
INSERT INTO ArtDefine_UnitInfos (Type,                              DamageStates, Formation       )
                         VALUES ('ART_DEF_UNIT_TEXAS_OUTLAW_EARLY', '1',          'DefaultCavalry');

INSERT INTO ArtDefine_UnitInfos (Type,                             DamageStates, Formation       )
                         VALUES ('ART_DEF_UNIT_TEXAS_OUTLAW_LATE', '1',          'DefaultCavalry');

-- 2 total SQL entries for ArtDefine_UnitInfos

--==================================================
-- ArtDefine_UnitInfoMemberInfos
--==================================================
INSERT INTO ArtDefine_UnitInfoMemberInfos (UnitInfoType,                      UnitMemberInfoType,             NumMembers)
                                   VALUES ('ART_DEF_UNIT_TEXAS_OUTLAW_EARLY', 'ART_DEF_UNIT_MEMBER_HORSEMAN', '3'       );

INSERT INTO ArtDefine_UnitInfoMemberInfos (UnitInfoType,                     UnitMemberInfoType,                               NumMembers)
                                   VALUES ('ART_DEF_UNIT_TEXAS_OUTLAW_LATE', 'ART_DEF_UNIT_MEMBER_CONFEDERATE_CAVALRY_PISTOL', '3'       );

-- 2 total SQL entries for ArtDefine_UnitInfoMemberInfos

--==================================================
-- GreatWorks
--==================================================
INSERT INTO GreatWorks (Type,                            GreatWorkClassType, Description,                          Audio,                       Image                               )
                VALUES ('GREAT_WORK_DECISIONS_TEXASART', 'GREAT_WORK_ART',   'Butch Cassidy and The Sundance Kid', 'AS2D_GREAT_ARTIST_ARTWORK', 'TexasDecisionsButchandSundance.dds');

INSERT INTO GreatWorks (Type,                                GreatWorkClassType,      Description,                      Quote,                                                                                                                               Audio,                       Image                       )
                VALUES ('GREAT_WORK_DECISIONS_TEXASWRITING', 'GREAT_WORK_LITERATURE', 'The Life of John Wesley Hardin', '"A bullet to the front of the head demonstrates good marksmanship. A bullet to the back of the head demonstrates good judgement."', 'AS2D_GREAT_ARTIST_ARTWORK', 'GreatWriter_Background.dds');

INSERT INTO GreatWorks (Type,                              GreatWorkClassType, Description,                  Audio,                       Image                         )
                VALUES ('GREAT_WORK_DECISIONS_TEXASMUSIC', 'GREAT_WORK_MUSIC', 'Ballad Of Bonnie and Clyde', 'AS2D_GREAT_ARTIST_ARTWORK', 'GreatMusician_Background.dds');

-- 3 total SQL entries for GreatWorks

--==================================================
-- Unit_UniqueNames
--==================================================
INSERT INTO Unit_UniqueNames (UnitType,                    UniqueName        )
                      VALUES ('UNIT_TEXASOUTLAWCLASSICAL', 'TXT_KEY_OUTLAW_1');

INSERT INTO Unit_UniqueNames (UnitType,                   UniqueName        )
                      VALUES ('UNIT_TEXASOUTLAWMEDIEVAL', 'TXT_KEY_OUTLAW_2');

INSERT INTO Unit_UniqueNames (UnitType,                      UniqueName        )
                      VALUES ('UNIT_TEXASOUTLAWRENAISSANCE', 'TXT_KEY_OUTLAW_3');

INSERT INTO Unit_UniqueNames (UnitType,                     UniqueName        )
                      VALUES ('UNIT_TEXASOUTLAWINDUSTRIAL', 'TXT_KEY_OUTLAW_4');

INSERT INTO Unit_UniqueNames (UnitType,                 UniqueName        )
                      VALUES ('UNIT_TEXASOUTLAWMODERN', 'TXT_KEY_OUTLAW_5');

INSERT INTO Unit_UniqueNames (UnitType,                     UniqueName        )
                      VALUES ('UNIT_TEXASOUTLAWPOSTMODERN', 'TXT_KEY_OUTLAW_6');

INSERT INTO Unit_UniqueNames (UnitType,                 UniqueName        )
                      VALUES ('UNIT_TEXASOUTLAWFUTURE', 'TXT_KEY_OUTLAW_7');

-- 7 total SQL entries for Unit_UniqueNames

